,Unnamed: 0,CLDD,DP01,DP05,DT32,DX32,DX90,FZF0,HTDD,PRCP,SNOW,TAVG,TMAX,TMIN,Year,Location,NO_SNOW_FLAG,CLT,RDU,Reagan_Intl,SPLIT
0,0,721.9,131,35,50,0,28,0.0,1834.8,1280.4,138,15.82,21.95,9.68,1946,RDU,0,0.0,1.0,0.0,0
1,1,855.3,133,28,92,3,44,0.0,1905.6,1168.2,99,14.83,20.89,8.77,1947,RDU,1,0.0,1.0,0.0,1
2,2,856.4,149,39,61,8,49,0.0,1978.7,1327.1,622,15.48,21.72,9.23,1948,RDU,0,0.0,1.0,0.0,1
3,3,903.8,126,27,58,0,44,-1.1,1611.2,1106.1,0,16.33,22.36,10.29,1949,RDU,1,0.0,1.0,0.0,0
4,4,840.5,125,22,77,1,44,0.0,1709.7,962.2,8,15.47,21.78,9.16,1950,RDU,1,0.0,1.0,0.0,1
5,5,878.2,113,30,80,4,60,-1.7,1964.4,877.4,30,15.61,22.28,8.94,1951,RDU,1,0.0,1.0,0.0,1
6,6,921.6,109,28,66,0,66,0.0,1791.5,1249.8,119,15.71,22.05,9.36,1952,RDU,0,0.0,1.0,0.0,0
7,7,939.8,92,24,59,0,72,0.0,1788.5,915.3,15,16.27,22.9,9.64,1953,RDU,1,0.0,1.0,0.0,1
8,8,968.6,102,35,77,1,59,-3.3,1811.3,1057.9,225,15.6,22.26,8.94,1954,RDU,0,0.0,1.0,0.0,0
9,9,858.2,105,27,83,2,42,0.0,1914.0,1038.1,366,15.32,21.45,9.19,1955,RDU,0,0.0,1.0,0.0,1
10,10,840.4,110,23,71,0,51,-1.1,2111.4,1013.9,51,15.5,21.61,9.39,1956,RDU,1,0.0,1.0,0.0,1
11,11,877.1,121,28,57,3,42,-2.8,1734.3,1175.5,25,15.59,21.54,9.64,1957,RDU,1,0.0,1.0,0.0,1
12,12,762.8,100,32,84,7,33,0.0,2217.6,1158.4,444,14.12,20.01,8.21,1958,RDU,0,0.0,1.0,0.0,1
13,13,905.1,115,36,79,3,38,0.0,1994.7,1243.8,73,15.46,21.59,9.33,1959,RDU,1,0.0,1.0,0.0,1
14,14,806.3,103,37,101,6,39,-1.1,2175.9,1219.8,474,14.4,20.56,8.23,1960,RDU,0,0.0,1.0,0.0,1
15,15,786.3,118,33,78,5,41,-0.6,2118.7,1044.8,96,14.84,21.07,8.61,1961,RDU,1,0.0,1.0,0.0,0
16,16,788.5,108,34,87,4,28,-2.8,2032.8,1227.1,408,14.54,20.52,8.57,1962,RDU,0,0.0,1.0,0.0,1
17,17,679.7,105,22,90,6,36,-1.1,2182.5,937.8,178,14.17,20.68,7.67,1963,RDU,0,0.0,1.0,0.0,1
18,18,748.0,121,28,78,2,25,-1.7,2099.5,1090.3,98,14.91,21.21,8.6,1964,RDU,1,0.0,1.0,0.0,1
19,19,811.3,92,22,84,3,26,-1.1,2028.9,875.1,333,15.06,21.5,8.63,1965,RDU,0,0.0,1.0,0.0,1
20,20,813.3,106,31,79,3,42,-1.7,2046.6,1006.2,326,14.8,20.89,8.7,1966,RDU,0,0.0,1.0,0.0,1
21,21,696.9,105,27,73,1,17,-0.6,1880.6,1005.7,280,15.03,21.27,8.8,1967,RDU,0,0.0,1.0,0.0,0
22,22,771.8,101,26,101,4,41,-1.1,2097.4,904.5,158,14.67,21.29,8.06,1968,RDU,0,0.0,1.0,0.0,0
23,23,681.3,92,30,104,1,15,-3.3,2133.1,1055.1,257,13.83,19.97,7.69,1969,RDU,0,0.0,1.0,0.0,1
24,24,746.8,101,27,96,10,17,0.0,2380.5,915.1,66,14.33,20.71,7.95,1970,RDU,1,0.0,1.0,0.0,1
25,25,753.9,107,31,79,7,18,-0.6,2128.5,1159.9,229,14.99,21.02,8.95,1971,RDU,0,0.0,1.0,0.0,0
26,26,624.6,128,42,65,2,15,-2.2,1775.0,1314.3,102,14.68,20.6,8.76,1972,RDU,0,0.0,1.0,0.0,1
27,27,797.8,108,30,76,7,17,-1.1,1952.1,1180.0,358,15.41,21.71,9.12,1973,RDU,0,0.0,1.0,0.0,1
28,28,715.5,115,33,63,1,17,0.0,1583.9,1035.5,74,15.36,21.41,9.31,1974,RDU,1,0.0,1.0,0.0,0
29,29,781.4,114,36,72,0,33,0.0,2029.6,1189.4,81,15.31,21.49,9.13,1975,RDU,1,0.0,1.0,0.0,1
30,30,787.4,98,24,88,3,41,0.0,1698.0,856.9,10,14.86,21.52,8.19,1976,RDU,1,0.0,1.0,0.0,1
31,31,921.2,98,25,90,6,56,-1.7,2409.0,942.3,92,14.77,21.33,8.2,1977,RDU,1,0.0,1.0,0.0,1
32,32,905.4,111,33,83,2,55,0.0,2279.1,1091.6,269,15.03,21.31,8.75,1978,RDU,0,0.0,1.0,0.0,1
33,33,688.0,107,32,78,2,18,-1.1,1880.1,1152.5,448,14.76,21.0,8.53,1979,RDU,0,0.0,1.0,0.0,1
34,34,979.3,110,23,78,8,57,0.0,2009.0,905.6,543,15.19,21.35,9.02,1980,RDU,0,0.0,1.0,0.0,0
35,35,825.1,94,24,92,4,39,-1.7,2166.3,924.0,66,14.59,20.82,8.36,1981,RDU,1,0.0,1.0,0.0,0
36,36,860.6,126,33,59,6,32,0.0,2033.6,1126.8,167,15.63,21.42,9.84,1982,RDU,0,0.0,1.0,0.0,1
37,37,825.2,118,37,78,4,51,-1.7,1950.1,1200.1,299,14.71,20.72,8.71,1983,RDU,0,0.0,1.0,0.0,1
38,38,736.6,107,36,79,2,18,-1.1,2137.5,1175.7,175,15.0,21.02,8.97,1984,RDU,0,0.0,1.0,0.0,1
39,39,780.6,101,26,77,5,31,0.0,1854.0,970.3,104,15.31,21.26,9.36,1985,RDU,0,0.0,1.0,0.0,0
40,40,993.1,96,24,68,2,57,0.0,1773.1,938.6,24,16.0,21.93,10.06,1986,RDU,1,0.0,1.0,0.0,0
41,41,942.2,107,27,81,3,50,-0.6,1969.5,1069.0,290,15.34,21.37,9.31,1987,RDU,0,0.0,1.0,0.0,1
42,42,805.7,110,32,79,6,51,-0.6,2064.1,956.9,188,14.69,21.04,8.35,1988,RDU,0,0.0,1.0,0.0,1
43,43,884.9,147,38,71,9,32,-1.7,1966.4,1375.8,372,15.16,20.9,9.41,1989,RDU,0,0.0,1.0,0.0,0
44,44,958.6,115,26,39,0,48,-0.6,1708.8,954.4,0,17.09,23.44,10.74,1990,RDU,1,0.0,1.0,0.0,1
45,45,1018.0,106,23,61,0,48,0.0,1537.4,901.2,0,16.54,22.52,10.57,1991,RDU,1,0.0,1.0,0.0,0
46,46,740.0,120,24,69,0,22,-2.2,1795.8,1097.0,0,15.22,20.96,9.47,1992,RDU,1,0.0,1.0,0.0,0
47,47,978.1,115,25,74,2,59,-2.2,1948.3,967.2,143,15.55,21.59,9.51,1993,RDU,0,0.0,1.0,0.0,1
48,48,816.8,125,27,50,4,33,0.0,1931.3,925.2,33,15.74,21.81,9.67,1994,RDU,1,0.0,1.0,0.0,0
49,49,939.6,109,32,68,1,44,-2.8,1680.5,1234.1,56,15.61,21.42,9.81,1995,RDU,1,0.0,1.0,0.0,1
50,50,813.2,137,40,86,7,32,-2.2,2155.6,1502.7,371,14.87,20.78,8.95,1996,RDU,0,0.0,1.0,0.0,1
51,51,774.7,113,24,63,2,50,-0.6,1872.1,1037.1,21,14.99,21.39,8.58,1997,RDU,1,0.0,1.0,0.0,1
52,52,979.7,130,34,51,0,60,-1.7,1895.7,1339.2,51,16.38,22.5,10.26,1998,RDU,1,0.0,1.0,0.0,0
53,53,884.5,104,30,70,2,53,-1.1,1678.7,1287.0,0,15.96,22.53,9.39,1999,RDU,1,0.0,1.0,0.0,1
54,54,832.8,117,25,87,4,43,-0.6,1804.5,1000.4,715,15.01,21.23,8.77,2000,RDU,0,0.0,1.0,0.0,1
55,55,889.8,109,22,64,0,39,-0.6,2017.4,884.1,8,16.07,22.53,9.6,2001,RDU,1,0.0,1.0,0.0,1
56,56,1050.3,108,32,72,3,67,0.0,1676.1,1203.2,332,16.07,22.21,9.93,2002,RDU,0,0.0,1.0,0.0,0
57,57,793.2,135,36,76,3,30,-1.7,2019.8,1270.6,129,15.24,20.94,9.55,2003,RDU,0,0.0,1.0,0.0,1
58,58,948.1,114,37,75,5,33,-0.6,1867.3,1195.0,379,15.88,21.61,10.16,2004,RDU,0,0.0,1.0,0.0,1
59,59,1040.4,118,24,76,3,67,0.0,1786.0,954.9,23,16.06,22.22,9.9,2005,RDU,1,0.0,1.0,0.0,1
60,60,890.2,107,34,54,0,50,0.0,1710.8,1364.5,0,16.25,22.54,9.96,2006,RDU,1,0.0,1.0,0.0,0
61,61,1151.4,92,23,61,0,83,-1.1,1678.4,910.1,40,16.98,23.48,10.48,2007,RDU,1,0.0,1.0,0.0,0
62,62,956.6,116,34,57,0,55,-2.2,1577.0,1282.2,23,16.31,22.44,10.18,2008,RDU,1,0.0,1.0,0.0,1
63,63,1023.6,128,28,60,1,61,-1.7,1734.5,1027.5,173,16.24,21.99,10.5,2009,RDU,0,0.0,1.0,0.0,1
64,64,1262.0,101,23,86,3,91,-1.1,1928.4,939.0,410,16.22,22.38,10.06,2010,RDU,0,0.0,1.0,0.0,0
65,65,1159.9,100,30,58,2,67,-1.1,1864.2,1109.7,18,16.96,23.15,10.77,2011,RDU,1,0.0,1.0,0.0,1
66,66,1015.1,121,25,44,0,51,-0.6,1432.6,1036.6,23,16.94,22.93,10.96,2012,RDU,1,0.0,1.0,0.0,1
67,67,849.7,119,36,70,1,28,-1.6,1872.5,1288.3,44,15.39,20.9,9.88,2013,RDU,1,0.0,1.0,0.0,1
68,68,897.2,116,36,75,5,43,-1.6,1956.9,1404.2,147,15.31,21.19,9.43,2014,RDU,0,0.0,1.0,0.0,1
69,69,1039.4,129,39,61,6,52,0.0,1960.7,1450.6,201,16.54,22.23,10.86,2015,RDU,0,0.0,1.0,0.0,1
70,0,632.2,110,23,58,6,18,0.0,2254.5,854.8,342,14.48,19.53,9.43,1946,Reagan_Intl,0,0.0,0.0,1.0,0
71,1,779.1,110,24,90,6,18,0.0,2291.5,918.7,543,13.61,18.38,8.84,1947,Reagan_Intl,0,0.0,0.0,1.0,0
72,2,715.5,134,40,70,19,25,-1.1,2482.4,1462.3,559,13.67,18.6,8.74,1948,Reagan_Intl,0,0.0,0.0,1.0,1
73,3,829.9,122,27,53,1,26,-0.6,2073.4,1013.2,290,15.01,19.81,10.22,1949,Reagan_Intl,0,0.0,0.0,1.0,1
74,4,655.0,134,31,76,7,13,-1.1,2146.4,1217.1,224,13.8,18.58,9.03,1950,Reagan_Intl,0,0.0,0.0,1.0,1
75,5,764.5,113,28,76,10,28,-0.6,2314.0,1050.4,244,14.18,19.15,9.2,1951,Reagan_Intl,0,0.0,0.0,1.0,1
76,6,784.0,118,32,59,3,35,-1.1,2229.8,1205.0,232,14.21,19.08,9.35,1952,Reagan_Intl,0,0.0,0.0,1.0,0
77,7,817.1,112,35,53,2,44,-1.1,2155.5,1300.0,288,14.93,20.05,9.82,1953,Reagan_Intl,0,0.0,0.0,1.0,1
78,8,841.3,110,18,81,11,32,-0.6,2183.1,718.9,291,14.25,19.39,9.11,1954,Reagan_Intl,0,0.0,0.0,1.0,1
79,9,791.2,106,27,83,11,31,0.0,2335.0,1053.4,237,13.92,18.68,9.15,1955,Reagan_Intl,0,0.0,0.0,1.0,1
80,10,640.3,133,23,71,5,23,0.0,2549.5,894.9,222,13.5,18.14,8.85,1956,Reagan_Intl,0,0.0,0.0,1.0,0
81,11,875.8,107,18,59,8,46,-1.1,2261.5,833.1,669,14.44,19.2,9.68,1957,Reagan_Intl,0,0.0,0.0,1.0,1
82,12,677.5,115,33,76,20,23,0.0,2500.6,1159.3,738,13.05,17.5,8.6,1958,Reagan_Intl,0,0.0,0.0,1.0,1
83,13,1020.4,109,23,73,9,42,0.0,2348.2,899.2,102,14.92,19.89,9.95,1959,Reagan_Intl,0,0.0,0.0,1.0,0
84,14,799.6,107,26,91,18,23,-0.6,2401.2,939.5,836,13.51,18.24,8.79,1960,Reagan_Intl,0,0.0,0.0,1.0,1
85,15,815.1,111,32,69,13,36,-0.6,2610.9,1065.7,868,13.71,18.44,8.96,1961,Reagan_Intl,0,0.0,0.0,1.0,1
86,16,738.0,110,25,83,18,21,-1.1,2429.4,840.4,731,13.2,17.88,8.52,1962,Reagan_Intl,0,0.0,0.0,1.0,0
87,17,681.2,92,23,89,17,28,0.0,2604.3,999.7,295,13.18,18.62,7.73,1963,Reagan_Intl,0,0.0,0.0,1.0,1
88,18,801.5,92,23,78,5,49,0.0,2430.2,749.0,710,14.12,19.76,8.48,1964,Reagan_Intl,0,0.0,0.0,1.0,1
89,19,810.5,100,15,89,7,48,-1.1,2499.6,684.7,422,13.77,19.19,8.34,1965,Reagan_Intl,0,0.0,0.0,1.0,1
90,20,849.3,112,25,80,9,59,-1.1,2397.2,915.3,1125,13.79,19.07,8.51,1966,Reagan_Intl,0,0.0,0.0,1.0,1
91,21,681.2,98,27,77,5,24,-3.3,2384.7,969.1,869,13.52,18.99,8.06,1967,Reagan_Intl,0,0.0,0.0,1.0,0
92,22,835.0,97,27,85,14,40,0.0,2439.9,936.0,208,14.16,19.57,8.75,1968,Reagan_Intl,0,0.0,0.0,1.0,1
93,23,856.0,108,22,90,5,39,-1.7,2321.1,1100.2,405,13.99,19.07,8.92,1969,Reagan_Intl,0,0.0,0.0,1.0,1
94,24,956.4,100,23,84,11,55,-0.6,2569.2,1006.4,315,14.27,19.43,9.1,1970,Reagan_Intl,0,0.0,0.0,1.0,1
95,25,824.4,104,30,72,11,29,-1.7,2360.2,1169.0,204,14.37,19.26,9.49,1971,Reagan_Intl,0,0.0,0.0,1.0,1
96,26,640.8,134,34,64,4,16,-0.6,2158.7,1320.1,389,13.7,18.47,8.93,1972,Reagan_Intl,0,0.0,0.0,1.0,1
97,27,929.2,108,21,56,7,37,-0.6,2212.3,889.5,282,15.17,20.19,10.15,1973,Reagan_Intl,0,0.0,0.0,1.0,1
98,28,778.1,114,20,46,0,32,-1.1,1926.0,914.0,148,14.85,20.07,9.62,1974,Reagan_Intl,0,0.0,0.0,1.0,0
99,29,899.9,125,26,53,3,35,-0.6,2134.6,1283.5,335,15.19,19.96,10.41,1975,Reagan_Intl,0,0.0,0.0,1.0,1
100,30,843.8,101,24,77,7,36,-0.6,1925.1,967.2,81,14.34,19.6,9.09,1976,Reagan_Intl,1,0.0,0.0,1.0,1
101,31,958.0,113,24,75,18,46,-0.6,2493.2,918.7,255,14.76,19.71,9.81,1977,Reagan_Intl,0,0.0,0.0,1.0,0
102,32,941.9,113,27,76,6,39,-3.9,2421.7,1004.8,647,14.47,19.14,9.81,1978,Reagan_Intl,0,0.0,0.0,1.0,1
103,33,799.4,126,35,58,15,20,-2.2,2201.5,1202.9,887,14.46,18.98,9.95,1979,Reagan_Intl,0,0.0,0.0,1.0,0
104,34,1091.3,110,21,60,11,67,-1.7,2050.8,745.5,512,15.29,20.07,10.52,1980,Reagan_Intl,0,0.0,0.0,1.0,1
105,35,910.6,108,25,61,11,33,0.0,2124.3,780.0,150,14.98,19.74,10.21,1981,Reagan_Intl,0,0.0,0.0,1.0,1
106,36,790.7,106,28,67,13,22,-1.1,2408.6,908.8,697,14.23,19.09,9.36,1982,Reagan_Intl,0,0.0,0.0,1.0,1
107,37,943.8,112,42,52,8,55,-1.7,2085.9,1317.8,542,14.64,19.38,9.89,1983,Reagan_Intl,0,0.0,0.0,1.0,0
108,38,795.8,119,29,62,10,23,-2.2,2399.7,959.3,219,14.33,18.88,9.79,1984,Reagan_Intl,0,0.0,0.0,1.0,1
109,39,824.7,115,23,77,15,28,-2.2,2148.3,911.6,272,14.52,19.29,9.74,1985,Reagan_Intl,0,0.0,0.0,1.0,0
110,40,887.3,102,22,71,11,41,-2.8,2235.4,827.3,373,14.3,19.12,9.47,1986,Reagan_Intl,0,0.0,0.0,1.0,0
111,41,929.1,105,24,64,7,45,-1.7,2335.8,930.5,1081,14.47,19.39,9.56,1987,Reagan_Intl,0,0.0,0.0,1.0,1
112,42,869.5,107,25,74,16,59,0.0,2418.0,806.7,373,13.91,19.04,8.78,1988,Reagan_Intl,0,0.0,0.0,1.0,1
113,43,841.1,128,41,81,15,22,0.0,2328.5,1278.2,431,13.83,18.4,9.26,1989,Reagan_Intl,0,0.0,0.0,1.0,1
114,44,824.7,127,30,45,2,30,-1.7,2191.7,1038.5,147,15.54,20.69,10.38,1990,Reagan_Intl,0,0.0,0.0,1.0,0
115,45,1051.1,111,22,60,3,59,-0.6,1906.0,752.8,130,15.65,20.71,10.6,1991,Reagan_Intl,0,0.0,0.0,1.0,0
116,46,649.3,122,28,69,1,21,0.0,2214.4,924.8,193,13.73,18.41,9.06,1992,Reagan_Intl,0,0.0,0.0,1.0,1
117,47,924.7,116,27,72,11,51,-0.6,2392.6,1052.3,339,14.26,19.09,9.44,1993,Reagan_Intl,0,0.0,0.0,1.0,1
118,48,879.9,124,25,68,12,46,-1.7,2446.7,955.0,270,14.58,19.69,9.46,1994,Reagan_Intl,0,0.0,0.0,1.0,1
119,49,934.1,105,25,85,11,52,0.0,2047.0,1011.0,303,14.37,19.23,9.51,1995,Reagan_Intl,0,0.0,0.0,1.0,1
120,50,794.3,126,36,69,15,21,0.0,2579.8,1296.7,1134,13.79,18.36,9.22,1996,Reagan_Intl,0,0.0,0.0,1.0,1
121,51,800.4,109,20,52,5,42,-0.6,2183.0,860.3,164,14.42,19.41,9.42,1997,Reagan_Intl,0,0.0,0.0,1.0,1
122,52,901.3,117,30,36,3,35,-0.6,2077.5,913.7,13,15.53,20.24,10.83,1998,Reagan_Intl,1,0.0,0.0,1.0,1
123,53,883.7,105,30,57,11,48,-0.6,2051.0,1022.6,282,14.94,19.87,10.01,1999,Reagan_Intl,0,0.0,0.0,1.0,1
124,54,677.3,117,32,74,14,12,-1.1,2032.5,1033.9,441,13.88,18.52,9.25,2000,Reagan_Intl,0,0.0,0.0,1.0,1
125,55,770.0,107,21,54,2,16,-1.7,2435.9,762.1,137,14.71,19.66,9.77,2001,Reagan_Intl,0,0.0,0.0,1.0,1
126,56,1012.8,109,28,61,2,56,-0.6,1887.2,872.8,262,15.14,20.06,10.23,2002,Reagan_Intl,0,0.0,0.0,1.0,1
127,57,704.2,146,42,78,11,20,-0.6,2558.0,1545.7,1006,13.55,17.84,9.25,2003,Reagan_Intl,0,0.0,0.0,1.0,0
128,58,840.8,130,25,68,17,11,-1.1,2272.0,1079.6,160,14.41,18.85,9.97,2004,Reagan_Intl,0,0.0,0.0,1.0,1
129,59,925.2,108,25,74,11,39,-0.6,2269.4,1128.5,438,14.45,19.08,9.82,2005,Reagan_Intl,0,0.0,0.0,1.0,1
130,60,822.7,96,33,48,1,36,-1.7,2080.3,1214.1,223,15.07,19.88,10.26,2006,Reagan_Intl,0,0.0,0.0,1.0,1
131,61,992.7,101,22,66,8,44,-1.1,2234.9,836.9,309,14.96,19.75,10.18,2007,Reagan_Intl,0,0.0,0.0,1.0,1
132,62,930.5,112,33,57,3,35,-0.6,1953.6,1182.0,58,15.08,19.79,10.38,2008,Reagan_Intl,1,0.0,0.0,1.0,0
133,63,776.5,131,38,75,10,22,-1.1,2368.7,1191.6,612,14.08,18.58,9.58,2009,Reagan_Intl,0,0.0,0.0,1.0,1
134,64,1157.6,101,23,72,11,67,0.0,2159.2,884.5,1056,15.4,20.12,10.68,2010,Reagan_Intl,0,0.0,0.0,1.0,1
135,65,1050.5,126,30,56,3,50,0.0,2238.5,1192.0,203,15.48,20.15,10.81,2011,Reagan_Intl,0,0.0,0.0,1.0,1
136,66,1075.6,122,20,30,1,53,0.0,1716.6,825.3,56,16.38,21.18,11.58,2012,Reagan_Intl,1,0.0,0.0,1.0,0
137,67,935.2,118,29,58,4,35,0.0,2119.6,1124.2,112,14.88,19.36,10.4,2013,Reagan_Intl,0,0.0,0.0,1.0,1
138,68,931.3,124,26,67,10,24,0.0,2316.0,1128.9,776,14.71,19.36,10.06,2014,Reagan_Intl,0,0.0,0.0,1.0,1
139,69,1088.7,123,34,56,12,52,0.0,2210.1,1144.3,468,15.62,20.34,10.9,2015,Reagan_Intl,0,0.0,0.0,1.0,1
140,0,788.9,119,31,46,0,29,-0.6,1730.6,1031.9,38,16.48,22.4,10.55,1946,CLT,1,1.0,0.0,0.0,1
141,1,910.9,135,33,74,2,43,-1.1,1760.1,1258.0,46,15.38,21.3,9.46,1947,CLT,1,1.0,0.0,0.0,1
142,2,911.3,130,34,62,4,48,-0.6,1840.3,1402.0,0,16.09,21.95,10.22,1948,CLT,1,1.0,0.0,0.0,1
143,3,907.5,114,29,45,0,42,0.0,1474.4,1151.0,18,16.6,22.31,10.89,1949,CLT,1,1.0,0.0,0.0,1
144,4,870.1,114,23,69,2,31,-1.7,1614.3,882.8,0,15.87,21.96,9.79,1950,CLT,1,1.0,0.0,0.0,0
145,5,947.5,102,22,67,3,66,-2.2,1869.2,875.4,5,15.98,22.16,9.8,1951,CLT,1,1.0,0.0,0.0,1
146,6,932.0,106,30,57,0,50,-1.1,1702.4,1169.0,102,16.08,22.08,10.08,1952,CLT,0,1.0,0.0,0.0,0
147,7,991.2,103,28,47,0,56,0.0,1692.4,955.1,0,16.64,22.79,10.49,1953,CLT,1,1.0,0.0,0.0,1
148,8,1118.0,104,24,72,0,88,0.0,1706.5,998.7,89,16.41,22.85,9.97,1954,CLT,1,1.0,0.0,0.0,1
149,9,1046.7,103,23,70,1,68,-0.6,1733.9,949.0,221,16.46,22.81,10.1,1955,CLT,0,1.0,0.0,0.0,1
150,10,975.9,113,30,60,0,75,0.0,1832.7,943.5,13,16.56,22.88,10.24,1956,CLT,1,1.0,0.0,0.0,1
151,11,1021.8,123,36,46,1,61,-0.6,1478.1,1174.3,0,16.61,22.51,10.72,1957,CLT,1,1.0,0.0,0.0,1
152,12,945.2,99,28,73,3,56,-1.1,2042.1,1009.6,158,15.19,21.27,9.11,1958,CLT,0,1.0,0.0,0.0,1
153,13,1047.4,125,35,56,2,60,-3.9,1802.8,1363.3,33,16.34,22.44,10.24,1959,CLT,1,1.0,0.0,0.0,1
154,14,1002.0,107,33,78,4,66,-2.8,1983.0,1118.9,582,15.48,21.69,9.28,1960,CLT,0,1.0,0.0,0.0,0
155,15,828.1,111,29,67,3,34,-0.6,1969.5,1114.2,50,15.43,21.39,9.47,1961,CLT,1,1.0,0.0,0.0,1
156,16,960.6,112,28,70,5,52,-1.7,1798.0,1214.0,331,15.42,21.22,9.63,1962,CLT,0,1.0,0.0,0.0,1
157,17,892.7,93,22,87,2,52,0.0,2059.0,881.7,92,15.3,21.53,9.08,1963,CLT,1,1.0,0.0,0.0,0
158,18,839.6,114,27,64,0,26,-0.6,1950.6,1185.3,20,15.51,21.48,9.53,1964,CLT,1,1.0,0.0,0.0,1
159,19,914.6,102,29,73,2,35,-1.7,1801.4,1000.1,309,15.82,21.72,9.91,1965,CLT,0,1.0,0.0,0.0,0
160,20,814.8,113,23,69,2,43,-1.7,1968.0,892.5,272,14.9,20.76,9.05,1966,CLT,0,1.0,0.0,0.0,1
161,21,671.8,110,29,71,1,8,0.0,1896.9,1097.8,137,15.05,20.87,9.23,1967,CLT,0,1.0,0.0,0.0,1
162,22,774.2,100,32,92,4,33,0.0,2010.4,1017.5,233,14.71,20.69,8.73,1968,CLT,0,1.0,0.0,0.0,1
163,23,847.3,101,30,90,4,37,0.0,2124.7,1011.0,412,14.69,20.3,9.09,1969,CLT,0,1.0,0.0,0.0,0
164,24,976.6,107,25,79,7,49,-1.7,2135.1,908.7,183,15.57,21.52,9.6,1970,CLT,0,1.0,0.0,0.0,1
165,25,803.3,136,33,68,4,12,-1.7,1960.6,1231.3,359,15.39,20.95,9.84,1971,CLT,0,1.0,0.0,0.0,1
166,26,712.4,130,30,60,1,28,-1.1,1751.5,1123.8,107,15.08,20.81,9.36,1972,CLT,0,1.0,0.0,0.0,1
167,27,831.8,116,30,69,4,25,-2.2,1908.7,1121.3,301,15.4,21.21,9.6,1973,CLT,0,1.0,0.0,0.0,0
168,28,720.7,108,33,55,1,14,0.0,1574.3,1252.5,36,15.6,21.32,9.89,1974,CLT,1,1.0,0.0,0.0,1
169,29,865.7,128,36,55,0,25,-1.7,1835.0,1577.1,43,16.03,21.56,10.5,1975,CLT,1,1.0,0.0,0.0,1
170,30,679.9,108,30,74,1,24,0.0,1675.7,1062.1,0,14.75,20.76,8.73,1976,CLT,1,1.0,0.0,0.0,1
171,31,1039.3,110,26,73,5,61,0.0,2195.2,1054.7,86,15.82,21.55,10.09,1977,CLT,1,1.0,0.0,0.0,1
172,32,921.5,106,29,63,1,43,-3.3,2028.3,1136.3,140,15.58,21.24,9.91,1978,CLT,0,1.0,0.0,0.0,1
173,33,738.2,133,37,67,3,26,-1.7,1810.6,1449.0,389,15.05,20.66,9.44,1979,CLT,0,1.0,0.0,0.0,0
174,34,956.7,109,29,66,4,52,-2.8,1939.6,994.5,377,15.31,20.91,9.72,1980,CLT,0,1.0,0.0,0.0,0
175,35,820.9,97,27,75,3,31,0.0,2005.2,932.5,46,15.03,20.87,9.19,1981,CLT,1,1.0,0.0,0.0,1
176,36,856.5,120,32,55,6,12,-1.1,1970.6,1059.1,274,15.73,20.95,10.52,1982,CLT,0,1.0,0.0,0.0,0
177,37,883.1,108,29,74,4,51,-0.6,1897.2,1055.2,321,15.04,20.81,9.26,1983,CLT,0,1.0,0.0,0.0,1
178,38,819.5,106,32,67,1,32,-1.1,2031.4,1143.2,150,15.56,21.47,9.64,1984,CLT,0,1.0,0.0,0.0,1
179,39,845.1,102,37,73,2,35,-0.6,1748.9,1253.1,43,15.76,21.58,9.94,1985,CLT,1,1.0,0.0,0.0,1
180,40,1162.8,104,19,57,1,73,-1.7,1640.5,684.8,8,16.9,22.47,11.32,1986,CLT,1,1.0,0.0,0.0,0
181,41,1075.6,102,29,58,0,53,0.0,1792.3,998.9,203,16.23,21.88,10.58,1987,CLT,0,1.0,0.0,0.0,1
182,42,913.3,98,20,58,3,55,-1.1,1853.5,871.1,307,15.62,21.49,9.75,1988,CLT,0,1.0,0.0,0.0,0
183,43,991.1,129,29,51,5,41,-1.1,1712.0,1265.4,99,16.16,21.55,10.76,1989,CLT,1,1.0,0.0,0.0,1
184,44,1079.2,118,31,26,0,59,0.0,1548.3,1260.1,0,17.77,23.5,12.04,1990,CLT,1,1.0,0.0,0.0,1
185,45,1143.9,112,32,35,0,56,-2.2,1381.2,1148.4,25,17.41,22.87,11.94,1991,CLT,1,1.0,0.0,0.0,1
186,46,877.3,111,38,39,0,32,0.0,1559.8,1364.9,0,16.17,21.42,10.92,1992,CLT,1,1.0,0.0,0.0,0
187,47,1168.2,104,27,44,0,76,-1.7,1770.8,910.2,107,16.66,22.29,11.03,1993,CLT,0,1.0,0.0,0.0,1
188,48,945.2,123,26,39,3,32,-2.2,1690.2,931.9,0,16.68,22.24,11.13,1994,CLT,1,1.0,0.0,0.0,0
189,49,932.1,115,34,58,1,36,-1.1,1563.1,1223.5,0,15.8,21.21,10.39,1995,CLT,1,1.0,0.0,0.0,1
190,50,903.5,129,26,67,4,32,-1.1,2012.1,1020.3,76,15.57,21.05,10.08,1996,CLT,1,1.0,0.0,0.0,0
191,51,917.2,116,27,37,0,50,0.0,1618.3,1238.9,87,16.24,21.79,10.68,1997,CLT,1,1.0,0.0,0.0,1
192,52,1085.5,116,30,32,0,66,-0.6,1594.1,1043.0,51,17.35,23.15,11.55,1998,CLT,1,1.0,0.0,0.0,0
193,53,789.3,95,28,67,1,41,-0.6,1602.5,887.5,49,15.77,22.18,9.36,1999,CLT,1,1.0,0.0,0.0,1
194,54,785.1,109,25,74,2,32,-0.6,1740.5,882.4,304,15.12,21.38,8.87,2000,CLT,0,1.0,0.0,0.0,1
195,55,831.2,94,18,62,0,28,-0.6,1975.2,667.2,0,16.01,22.43,9.58,2001,CLT,1,1.0,0.0,0.0,1
196,56,977.5,106,28,69,2,58,-0.6,1638.0,1025.9,112,15.94,21.97,9.91,2002,CLT,0,1.0,0.0,0.0,1
197,57,712.3,143,43,69,0,9,0.0,1942.0,1591.6,256,15.19,20.89,9.48,2003,CLT,0,1.0,0.0,0.0,0
198,58,854.4,112,28,78,1,25,0.0,1858.3,1122.9,369,15.65,21.5,9.78,2004,CLT,0,1.0,0.0,0.0,1
199,59,905.2,103,31,76,3,41,0.0,1755.0,1064.4,20,15.74,21.81,9.66,2005,CLT,1,1.0,0.0,0.0,0
200,60,824.0,106,32,57,0,36,0.0,1730.0,1129.8,0,15.99,22.36,9.62,2006,CLT,1,1.0,0.0,0.0,0
201,61,1051.6,79,21,65,0,76,-2.2,1715.7,726.8,25,16.68,23.31,10.04,2007,CLT,1,1.0,0.0,0.0,1
202,62,869.2,108,26,66,0,45,0.0,1654.1,1073.4,36,15.72,21.84,9.61,2008,CLT,1,1.0,0.0,0.0,1
203,63,881.6,129,31,62,1,28,-1.1,1878.2,1223.3,102,15.57,21.36,9.77,2009,CLT,0,1.0,0.0,0.0,0
204,64,1160.5,101,23,82,1,87,-3.3,1955.3,925.3,201,15.87,22.31,9.42,2010,CLT,0,1.0,0.0,0.0,1
205,65,1048.6,108,31,65,1,73,0.0,1894.3,1131.5,104,16.52,22.97,10.07,2011,CLT,0,1.0,0.0,0.0,0
206,66,971.0,106,20,49,0,49,-1.7,1470.4,856.3,0,16.85,23.09,10.61,2012,CLT,1,1.0,0.0,0.0,1
207,67,857.4,124,31,76,1,20,-1.0,1818.0,1261.3,69,15.58,21.38,9.78,2013,CLT,1,1.0,0.0,0.0,1
208,68,894.5,110,30,79,4,37,-1.0,1906.1,1154.7,236,15.49,21.64,9.33,2014,CLT,0,1.0,0.0,0.0,0
209,69,1102.8,121,33,57,3,73,-3.2,1832.3,1257.1,79,16.98,22.99,10.96,2015,CLT,1,1.0,0.0,0.0,0
